#,Cobertura,Tipo,Subtipo,Tema,Objetivo,Ejercicio,Trimestre,"Sujeto obligado contratante","Sujeto obligado solicitante","Tiempo oficial",Nombre,"Objetivo comunicación","Fecha inicio","Fecha termino","Fecha inicio tiempo oficial","Fecha termino tiempo oficial","Publicación SEGOB","Ámbito geográfico","Documento ACS","Fecha de publicación",Evaluación,"Documento de evaluación","Fecha de validación","Área responsable",Período,"Fecha de actualización",Nota,Autoridad,"Clave campana",Estatus
1,Nacional,"Avisos Institucionales",Edictos,Otro,"Promover el pleno ejercicio de los derechos de acceso a la información pública y de protección de datos personales",2015,octubre-diciembre,"Instituto Nacional de Transparencia, Acceso a la Información y Protección de Datos Personales","Instituto Nacional de Transparencia, Acceso a la Información y Protección de Datos Personales",No,Edictos,"<p>Informar la imposici&oacute;n de sanciones</p>",2015-11-09,2015-11-11,,,,México,"Programa Anual de Trabajo DGCSD",2015-02-04,,,2016-12-05,"Dirección General de Comunicación Social y Difusión",2016,2016-12-05,,,,Activo
2,Nacional,"Avisos Institucionales",Aclaraciones,"Protección de datos personales","Promover el pleno ejercicio de los derechos de acceso a la información pública y de protección de datos personales",2015,enero-marzo,"Instituto Nacional de Transparencia, Acceso a la Información y Protección de Datos Personales","Instituto Nacional de Transparencia, Acceso a la Información y Protección de Datos Personales",No,"Día Internacional de Protección de Datos Personales 2015","<p>Promover y difundir el Derecho de Protecci&oacute;n de Datos Personales a nivel nacional</p>",2015-01-23,2015-01-29,,,,México,"Programa Anual de Trabajo DGCSD",2015-02-04,,,2016-12-05,"Dirección General de Comunicación Social y Difusión",2016,2016-12-05,,,,Activo
3,Nacional,"Avisos Institucionales",Aclaraciones,"Acceso a la información, transparencia y rendición de cuentas","Promover el pleno ejercicio de los derechos de acceso a la información pública y de protección de datos personales",2015,octubre-diciembre,"Instituto Nacional de Transparencia, Acceso a la Información y Protección de Datos Personales","Instituto Nacional de Transparencia, Acceso a la Información y Protección de Datos Personales",No,"3er. Seminario Internacional sobre Gestión Documental y Transparencia","<p>Promover y difundir los Derechos de Acceso a la Informaci&oacute;n y Protecci&oacute;n de Datos</p>",2015-11-17,2015-11-20,,,,México,"Programa Anual de Trabajo DGCSD",2015-02-04,,,2016-12-05,"Dirección General de Comunicación Social y Difusión",2016,2016-12-05,,,,Activo
4,Nacional,"Avisos Institucionales",Aclaraciones,"Acceso a la información, transparencia y rendición de cuentas","Promover el pleno ejercicio de los derechos de acceso a la información pública y de protección de datos personales",2015,octubre-diciembre,"Instituto Nacional de Transparencia, Acceso a la Información y Protección de Datos Personales","Instituto Nacional de Transparencia, Acceso a la Información y Protección de Datos Personales",No,"3er. Seminario Internacional sobre Gestión Documental y Transparencia y el servicio telefónico TELINAI","<p>Promover y difundir los Derechos de Acceso a la Informaci&oacute;n y Protecci&oacute;n de Datos</p>",2015-11-14,2015-12-15,,,,México,"Programa Anual de Trabajo DGCSD",2015-02-04,,,2016-12-05,"Dirección General de Comunicación Social y Difusión",2016,2016-12-05,,,,Activo
5,Nacional,"Avisos Institucionales",Aclaraciones,"Acceso a la información, transparencia y rendición de cuentas","Promover el pleno ejercicio de los derechos de acceso a la información pública y de protección de datos personales",2015,octubre-diciembre,"Instituto Nacional de Transparencia, Acceso a la Información y Protección de Datos Personales","Instituto Nacional de Transparencia, Acceso a la Información y Protección de Datos Personales",No,"3er. Seminario Internacional sobre Gestión Documental y Transparencia y nombramiento del Rector de la UNAM","<p>Promover el pleno ejercicio de los derechos de acceso a la informaci&oacute;n p&uacute;blica y de protecci&oacute;n de datos personales</p>",2015-11-13,2015-11-18,,,,México,"Programa Anual de Trabajo DGCSD",2015-02-04,,,2016-12-05,"Dirección General de Comunicación Social y Difusión",2016,2016-12-05,,,,Activo
6,Nacional,"Avisos Institucionales",Aclaraciones,"Acceso a la información, transparencia y rendición de cuentas","Promover el pleno ejercicio de los derechos de acceso a la información pública y de protección de datos personales",2015,abril-junio,"Instituto Nacional de Transparencia, Acceso a la Información y Protección de Datos Personales","Instituto Nacional de Transparencia, Acceso a la Información y Protección de Datos Personales",No,"Alcances y Retos de la Ley General de Transparencia y Acceso a la Información Pública","<p>Promover y difundir el quehacer Institucional</p>",2016-12-06,2015-05-25,,,,México,"Programa Anual de Trabajo DGCSD",2015-02-04,,,2016-12-05,"Dirección General de Comunicación Social y Difusión",2016,2016-12-05,,,,Activo
7,Nacional,"Avisos Institucionales",Aclaraciones,Otro,"Promover el pleno ejercicio de los derechos de acceso a la información pública y de protección de datos personales",2015,enero-marzo,"Instituto Nacional de Transparencia, Acceso a la Información y Protección de Datos Personales","Instituto Nacional de Transparencia, Acceso a la Información y Protección de Datos Personales",No,"Elección del Presidente de la Suprema Corte de Justicia de la Nación y Presidente del Consejo de la Judicatura Federal","<p>Mantener y fomentar las relaciones entre el INAI y el Poder Judicial de la Federaci&oacute;n</p>",2015-01-06,2015-01-06,,,,México,"Programa Anual de Trabajo DGCSD",2015-02-04,,,2016-12-05,"Dirección General de Comunicación Social y Difusión",2016,2016-12-05,,,,Activo
8,Nacional,"Avisos Institucionales",Aclaraciones,"Acceso a la información, transparencia y rendición de cuentas","Promover el pleno ejercicio de los derechos de acceso a la información pública y de protección de datos personales",2015,octubre-diciembre,"Instituto Nacional de Transparencia, Acceso a la Información y Protección de Datos Personales","Instituto Nacional de Transparencia, Acceso a la Información y Protección de Datos Personales",No,"Encuentro Regional de Transparencia y Protección de Datos Personales","<p>Promover y difundir el Derecho de Acceso y Protecci&oacute;n de Datos Personales</p>",2015-12-09,2015-12-10,,,,México,"Programa Anual de Trabajo DGCSD",2015-02-04,,,2016-12-05,"Dirección General de Comunicación Social y Difusión",2016,2016-12-05,,,,Activo
9,Nacional,"Avisos Institucionales",Aclaraciones,"Acceso a la información, transparencia y rendición de cuentas","Promover el pleno ejercicio de los derechos de acceso a la información pública y de protección de datos personales",2015,abril-junio,"Instituto Nacional de Transparencia, Acceso a la Información y Protección de Datos Personales","Instituto Nacional de Transparencia, Acceso a la Información y Protección de Datos Personales",No,"Fiesta de la Transparencia","<p>Promover y difundir los Derechos y Acceso a la Protecci&oacute;n de Datos Personales</p>",2015-04-29,2015-05-02,,,,México,"Programa Anual de Trabajo DGCSD",2015-02-04,,,2016-12-05,"Dirección General de Comunicación Social y Difusión",2016,2016-12-05,,,,Activo
10,Nacional,"Avisos Institucionales",Aclaraciones,"Acceso a la información, transparencia y rendición de cuentas","Promover el pleno ejercicio de los derechos de acceso a la información pública y de protección de datos personales",2015,julio-septiembre,"Instituto Nacional de Transparencia, Acceso a la Información y Protección de Datos Personales","Instituto Nacional de Transparencia, Acceso a la Información y Protección de Datos Personales",No,"Inauguración del Centro de Atención a la Sociedad y el Servicio TELINAI","<p>Promover y difundir la nueva herramienta para ejercer el Derecho de Acceso a la Informaci&oacute;n</p>",2015-08-19,2015-12-01,,,,México,"Programa Anual de Trabajo DGCSD",2015-02-04,,,2016-12-05,"Dirección General de Comunicación Social y Difusión",2016,2016-12-05,,,,Activo
11,Nacional,Campañas,"Campaña de comunicación social","Acceso a la información, transparencia y rendición de cuentas","Promover el pleno ejercicio de los derechos de acceso a la información pública y de protección de datos personales",2015,octubre-diciembre,"Instituto Nacional de Transparencia, Acceso a la Información y Protección de Datos Personales","Instituto Nacional de Transparencia, Acceso a la Información y Protección de Datos Personales",No,"Institucional 2015","<p>Reforzar el conocimiento del nombre del Instituto y sus nuevas atribuciones, promover la cultura de la Transparencia y el Acceso a la Informaci&oacute;n P&uacute;blica, promover la cultura de la Protecci&oacute;n de Datos Personales en posesi&oacute;n de particulares</p>",2015-11-20,2015-12-31,,,,México,"Programa Anual de Trabajo DGCSD",2015-02-04,,,2016-12-05,"Dirección General de Comunicación Social y Difusión",2016,2016-12-05,,,,Activo
12,Nacional,"Avisos Institucionales",Aclaraciones,"Acceso a la información, transparencia y rendición de cuentas","Promover el pleno ejercicio de los derechos de acceso a la información pública y de protección de datos personales",2015,octubre-diciembre,"Instituto Nacional de Transparencia, Acceso a la Información y Protección de Datos Personales","Instituto Nacional de Transparencia, Acceso a la Información y Protección de Datos Personales",No,"Semana Nacional de Transparencia 2015","<p>Promover y difundir los Derechos de Acceso a la Informaci&oacute;n y Protecci&oacute;n de Datos</p>",2015-09-22,2015-10-06,,,,México,"Programa Anual de Trabajo DGCSD",2015-02-04,,,2016-12-05,"Dirección General de Comunicación Social y Difusión",2016,2016-12-05,,,,Activo
13,Nacional,"Avisos Institucionales",Aclaraciones,"Acceso a la información, transparencia y rendición de cuentas","Promover el pleno ejercicio de los derechos de acceso a la información pública y de protección de datos personales",2015,octubre-diciembre,"Instituto Nacional de Transparencia, Acceso a la Información y Protección de Datos Personales","Instituto Nacional de Transparencia, Acceso a la Información y Protección de Datos Personales",No,"Semana Nacional de Transparencia 2015 y servicio telefónico TELINAI","<p>Promover y difundir los Derechos de Acceso a la Informaci&oacute;n y Protecci&oacute;n de Datos</p>",2015-10-01,2015-10-31,,,,México,"Programa Anual de Trabajo DGCSD",2015-02-04,,,2016-12-05,"Dirección General de Comunicación Social y Difusión",2016,2016-12-05,,,,Activo
14,Nacional,"Avisos Institucionales",Aclaraciones,"Acceso a la información, transparencia y rendición de cuentas","Promover el pleno ejercicio de los derechos de acceso a la información pública y de protección de datos personales",2015,abril-junio,"Instituto Nacional de Transparencia, Acceso a la Información y Protección de Datos Personales","Instituto Nacional de Transparencia, Acceso a la Información y Protección de Datos Personales",No,"Sistema Nacional de Transparencia, Acceso a la Información Publica y Protección de Datos Personales","<p>Promover y difundir el Derecho de Acceso y Protecci&oacute;n de Datos Personales</p>",2015-06-18,2015-06-23,,,,México,"Programa Anual de Trabajo DGCSD",2015-02-04,,,2016-12-05,"Dirección General de Comunicación Social y Difusión",2016,2016-12-05,,,,Activo
15,Nacional,Campañas,"Campaña de comunicación social","Acceso a la información, transparencia y rendición de cuentas","Impulsar el desempeño organizacional y promover un modelo institucional de servicio público orientado a resultados con un enfoque de derechos humanos y perspectiva de género",2016,octubre-diciembre,"Instituto Nacional de Transparencia, Acceso a la Información y Protección de Datos Personales","Instituto Nacional de Transparencia, Acceso a la Información y Protección de Datos Personales",Sí,"CAMPAÑA INSTITUCIONAL 2016",,2016-11-28,2016-12-31,2016-11-28,2016-12-31,"NO APLICA",Nacional,,2016-11-28,,,2017-05-04,"DIRECCIÓN GENERAL DE COMUNICACIÓN SOCIAL Y DIFUSIÓN",2016,2017-05-04,,"PLENO DEL INAI",ACT-PUB/19/08/2015.04,Activo
16,Nacional,"Avisos Institucionales",Convocatorias,"Protección de datos personales","Impulsar el desempeño organizacional y promover un modelo institucional de servicio público orientado a resultados con un enfoque de derechos humanos y perspectiva de género",2016,enero-marzo,"Instituto Nacional de Transparencia, Acceso a la Información y Protección de Datos Personales","Instituto Nacional de Transparencia, Acceso a la Información y Protección de Datos Personales",No,"Dia Internacional de Protección de Datos Personales","<p>Avisar a la ciudadania sobre los consejos utiles para proteger los datos personales.</p>
<p>Convocar la participaci&oacute;n de la ciudadania en el evento institucional de celebraci&oacute;n del D&iacute;a Internacional de Protecci&oacute;n de Datos Personales.</p>",2016-01-24,2016-01-29,,,"No aplica",Nacional,"No aplica",2016-01-24,,,2017-05-04,"DIRECCIÓN GENERAL DE COMUNICACIÓN SOCIAL Y DIFUSIÓN",2016,2017-05-04,"<p>FECHA DE PUBLICACI&Oacute;N: 24 Y 27 DE ENERO DE 2016.</p>",,INAI-DIPDP-2016,Activo
17,Nacional,"Avisos Institucionales",Avisos,"Protección de datos personales","Impulsar el desempeño organizacional y promover un modelo institucional de servicio público orientado a resultados con un enfoque de derechos humanos y perspectiva de género",2016,enero-marzo,"Instituto Nacional de Transparencia, Acceso a la Información y Protección de Datos Personales","Instituto Nacional de Transparencia, Acceso a la Información y Protección de Datos Personales",No,"XXXVII Feria Internacional del Libro del Palacio de Minería","<p>Promover el conocimiento y el ejercicio del derecho de protecci&oacute;n de datos personales XXXVII Feria Internacional del Libro del Palacio de Miner&iacute;a.</p>",2016-02-17,2016-02-17,,,,Nacional,,2016-02-02,,,2017-05-04,"DIRECCIÓN GENERAL DE COMUNICACIÓN SOCIAL Y DIFUSIÓN",2016,2017-05-04,,,INAI-FILPM-2016,Activo
18,Nacional,"Avisos Institucionales",Convocatorias,"Acceso a la información, transparencia y rendición de cuentas","Impulsar el desempeño organizacional y promover un modelo institucional de servicio público orientado a resultados con un enfoque de derechos humanos y perspectiva de género",2016,abril-junio,"Instituto Nacional de Transparencia, Acceso a la Información y Protección de Datos Personales","Instituto Nacional de Transparencia, Acceso a la Información y Protección de Datos Personales",No,"Foro ?La Información en el Combate a la Corrupción? ¿Cómo nos arreglamos?","<p>Promover el conocimiento y ejercicio del derechos de acceso a la informacion mediante el&nbsp;<span style=""font-family: 'Corbel',sans-serif; font-size: 10pt; mso-fareast-font-family: 'Times New Roman'; mso-bidi-font-family: Arial; mso-ansi-language: ES-MX; mso-fareast-language: ES; mso-bidi-language: AR-SA; mso-bidi-font-weight: bold;"">Foro &ldquo;La Informaci&oacute;n en el Combate a la Corrupci&oacute;n&rdquo; &iquest;C&oacute;mo nos arreglamos?.</span></p>",2016-04-11,2016-04-12,,,,Nacional,,2016-04-11,,,2017-05-04,"DIRECCIÓN GENERAL DE COMUNICACIÓN SOCIAL Y DIFUSIÓN",2016,2017-05-04,,,INAI-INCOMCOR-2016,Activo
19,Nacional,"Avisos Institucionales",Convocatorias,"Acceso a la información, transparencia y rendición de cuentas","Impulsar el desempeño organizacional y promover un modelo institucional de servicio público orientado a resultados con un enfoque de derechos humanos y perspectiva de género",2016,abril-junio,"Instituto Nacional de Transparencia, Acceso a la Información y Protección de Datos Personales","Instituto Nacional de Transparencia, Acceso a la Información y Protección de Datos Personales",No,"Programa de Sensibilización de Derechos de Acceso a la Información Pública y de Protección de Datos Personales.","<p>Promover el conocimiento y ejercicio de los derechos de acceso a la informaci&oacute;n y protecci&oacute;n de datos personales mediante la difusi&oacute;n de la convocatoria del Programa de Sensibilizaci&oacute;n de Derechos de Acceso a la Informaci&oacute;n P&uacute;blica y de Protecci&oacute;n de Datos Personales.</p>",2016-04-18,2016-04-18,,,,Nacional,,2016-04-18,,,2017-05-04,"DIRECCIÓN GENERAL DE COMUNICACIÓN SOCIAL Y DIFUSIÓN",2016,2017-05-04,,,INAI-PROSEDE-2016.,Activo
20,Nacional,"Avisos Institucionales",Convocatorias,"Acceso a la información, transparencia y rendición de cuentas","Impulsar el desempeño organizacional y promover un modelo institucional de servicio público orientado a resultados con un enfoque de derechos humanos y perspectiva de género",2016,abril-junio,"Instituto Nacional de Transparencia, Acceso a la Información y Protección de Datos Personales","Instituto Nacional de Transparencia, Acceso a la Información y Protección de Datos Personales",No,"Premio a la Innovación en Transparencia","<p>Promover el conocimiento y el ejercicio de derecho de acceso a la informacion mediante la difusi&oacute;n del Premio a la Innovaci&oacute;n en Transparencia 2016.</p>",2016-06-01,2016-06-05,,,,Nacional,,2016-06-01,,,2017-05-04,"DIRECCIÓN GENERAL DE COMUNICACIÓN SOCIAL Y DIFUSIÓN",2016,2017-05-04,,,INAI-PIT-2016,Activo
21,Nacional,"Avisos Institucionales",Convocatorias,"Protección de datos personales","Impulsar el desempeño organizacional y promover un modelo institucional de servicio público orientado a resultados con un enfoque de derechos humanos y perspectiva de género",2016,abril-junio,"Instituto Nacional de Transparencia, Acceso a la Información y Protección de Datos Personales","Instituto Nacional de Transparencia, Acceso a la Información y Protección de Datos Personales",Sí,"Premio a la Innovación y buenas prácticas en la Protección de Datos Personales","<p>Promover el conocimiento y el ejercicio del derecho de protecci&oacute;n de datos personales mediante el Premio a la Innovaci&oacute;n y buenas pr&aacute;cticas en la Protecci&oacute;n de Datos Personales.</p>",2016-06-19,2016-07-25,2016-06-13,2016-08-21,,Nacional,,2016-06-19,,,2017-05-04,"DIRECCIÓN GENERAL DE COMUNICACIÓN SOCIAL Y DIFUSIÓN",2016,2017-05-04,,"PLENO DEL INAI",ACT-PUB/11/05/2016.10,Activo
22,Nacional,"Avisos Institucionales",Concursos,"Acceso a la información, transparencia y rendición de cuentas","Impulsar el desempeño organizacional y promover un modelo institucional de servicio público orientado a resultados con un enfoque de derechos humanos y perspectiva de género",2016,julio-septiembre,"Instituto Nacional de Transparencia, Acceso a la Información y Protección de Datos Personales","Instituto Nacional de Transparencia, Acceso a la Información y Protección de Datos Personales",No,"Segundo Concurso de Ensayo Universitario","<p><span style=""font-family: 'Corbel',sans-serif; font-size: 10pt; mso-fareast-font-family: 'Times New Roman'; mso-bidi-font-family: Arial; mso-ansi-language: ES-MX; mso-fareast-language: ES; mso-bidi-language: AR-SA; mso-bidi-font-weight: bold;"">Promover el conocimiento y el ejercicio del derecho de acceso a la informacion mediante la&nbsp;difusi&oacute;n&nbsp;del Segundo Concurso de Ensayo Universitario.</span></p>",2016-08-01,2016-09-10,,,,Nacional,,2016-08-01,,,2017-05-04,"DIRECCIÓN GENERAL DE COMUNICACIÓN SOCIAL Y DIFUSIÓN",2016,2017-05-04,,,INAI-SCEU-2016,Activo
23,Nacional,"Avisos Institucionales",Concursos,"Acceso a la información, transparencia y rendición de cuentas","Impulsar el desempeño organizacional y promover un modelo institucional de servicio público orientado a resultados con un enfoque de derechos humanos y perspectiva de género",2016,julio-septiembre,"Instituto Nacional de Transparencia, Acceso a la Información y Protección de Datos Personales","Instituto Nacional de Transparencia, Acceso a la Información y Protección de Datos Personales",No,"Segundo Concurso Nacional de Dibujo Infantil ?Mi Derechos a Saber?","<h3>Promover el conocimiento y el ejercicio del derecho de acceso a la informaci&oacute;n mediante la difusi&oacute;n del <span style=""font-family: 'Corbel',sans-serif; font-size: 11pt; mso-fareast-font-family: 'Times New Roman'; mso-bidi-font-family: Arial; mso-ansi-language: ES-MX; mso-fareast-language: ES; mso-bidi-language: AR-SA; mso-bidi-font-weight: bold; mso-bidi-font-size: 10.0pt;"">Segundo Concurso Nacional de Dibujo Infantil &ldquo;Mi Derechos a Saber&rdquo;</span></h3>",2016-08-15,2016-08-15,,,,Nacional,,2016-08-15,,,2017-05-04,"DIRECCIÓN GENERAL DE COMUNICACIÓN SOCIAL Y DIFUSIÓN",2016,2017-05-04,,,INAI-SCIMDS-2016,Activo
24,Nacional,"Avisos Institucionales",Convocatorias,Otro,"Impulsar el desempeño organizacional y promover un modelo institucional de servicio público orientado a resultados con un enfoque de derechos humanos y perspectiva de género",2016,julio-septiembre,"Instituto Nacional de Transparencia, Acceso a la Información y Protección de Datos Personales","Instituto Nacional de Transparencia, Acceso a la Información y Protección de Datos Personales",No,"Semana Nacional de Transparencia","<p>Promover el conocimiento y el ejercicio de los derechos de acceso a la informaci&oacute;n y protecci&oacute;n de datos personales.</p>
<p>Fomentar la cultura de la transparencia y la rendici&oacute;n de cuentas.</p>",2016-09-01,2016-09-27,,,,Nacional,,2016-09-01,,,2017-05-04,"DIRECCIÓN GENERAL DE COMUNICACIÓN SOCIAL Y DIFUSIÓN",2016,2017-05-04,"<p>Tema: Otro (Acceso a la Informaci&oacute;n, rendici&oacute;n de cuentas, transparencia y protecci&oacute;n de datos personales)</p>",,INAI-SNT-2016,Activo
25,Nacional,"Avisos Institucionales",Avisos,"Protección de datos personales","Impulsar el desempeño organizacional y promover un modelo institucional de servicio público orientado a resultados con un enfoque de derechos humanos y perspectiva de género",2016,octubre-diciembre,"Instituto Nacional de Transparencia, Acceso a la Información y Protección de Datos Personales","Instituto Nacional de Transparencia, Acceso a la Información y Protección de Datos Personales",No,"¿Que son los datos personales?","<p>Promover el conocimiento y el ejercicio del derecho de protecci&oacute;n de datos personales mediante la difusi&oacute;n del aviso &iquest;Que son los datos personales?</p>",2016-10-01,2016-10-01,,,,Nacional,,2016-10-01,,,2017-05-04,"DIRECCIÓN GENERAL DE COMUNICACIÓN SOCIAL Y DIFUSIÓN",2016,2017-05-04,,,INAI-QDP-2016,Activo
26,Nacional,"Avisos Institucionales",Concursos,Otro,"Impulsar el desempeño organizacional y promover un modelo institucional de servicio público orientado a resultados con un enfoque de derechos humanos y perspectiva de género",2016,octubre-diciembre,"Instituto Nacional de Transparencia, Acceso a la Información y Protección de Datos Personales","Instituto Nacional de Transparencia, Acceso a la Información y Protección de Datos Personales",Sí,"Concurso para ser Comisionada y Comisionado Infantil","<p>Promover la participaci&oacute;n ciudadana, a fin de ampliar el conocimiento y ejercicio de los derechos que tutela el INAI.</p>",2016-11-11,2016-11-11,2016-11-21,2017-01-13,,Nacional,,2016-10-11,,,2017-05-04,"DIRECCIÓN GENERAL DE COMUNICACIÓN SOCIAL Y DIFUSIÓN",2016,2017-05-04,,,INAI-CCCI-2016,Activo
27,Nacional,"Avisos Institucionales",Convocatorias,Otro,"Impulsar el desempeño organizacional y promover un modelo institucional de servicio público orientado a resultados con un enfoque de derechos humanos y perspectiva de género",2016,octubre-diciembre,"Instituto Nacional de Transparencia, Acceso a la Información y Protección de Datos Personales","Instituto Nacional de Transparencia, Acceso a la Información y Protección de Datos Personales",No,"46 Foro de Autoridades de Privacidad Asia-Pacífico APPA","<p>&nbsp;</p>
<p style=""margin: 0cm 0cm 8pt;""><span style=""font-family: Calibri; font-size: medium;"">Promover el conocimiento y el ejercicio del derecho de protecci&oacute;n de datos personales.</span></p>
<p>&nbsp;</p>",2016-11-23,2016-11-29,,,,Nacional,,2016-11-23,,,2017-05-04,"DIRECCIÓN GENERAL DE COMUNICACIÓN SOCIAL Y DIFUSIÓN",2016,2017-05-04,,,INAI-APPA-2016,Activo
35,Nacional,"Avisos Institucionales",Avisos,"Acceso a la información, transparencia y rendición de cuentas","Promover el pleno ejercicio de los derechos de acceso a la información pública y de protección de datos personales",2017,julio-septiembre,"Instituto Nacional de Transparencia, Acceso a la Información y Protección de Datos Personales","Instituto Nacional de Transparencia, Acceso a la Información y Protección de Datos Personales",No,"Ante la Opinión Pública","<p>Promover el pleno ejercicio de los derechos a acceso a la informaci&oacute;n p&uacute;blica y protecci&oacute;n de datos personales&nbsp;</p>",2017-08-01,2017-08-31,,,,Nacional,"Matriz de Indicadores de Resultados de la DGCSD ejercicio 2017",2016-08-17,,,2018-01-31,"DIRECCIÓN GENERAL DE COMUNICACIÓN SOCIAL Y DIFUSIÓN",2017,2017-12-31,"<p class=""MsoNormal""><strong><span style=""font-size: 10pt; line-height: 107%; font-family: Arial, sans-serif; color: #231f20; background-image: initial; background-position: initial; background-size: initial; background-repeat: initial; background-attachment: initial; background-origin: initial; background-clip: initial; font-weight: normal;"">El 17 de agosto de 2016, el Pleno del INAI aprob&oacute; y autoriz&oacute; el anteproyecto de presupuesto, el cual integraba la matriz de indicadores de resultados de la DGCSD 2017.&nbsp;</span></strong><strong><span style=""font-size: 10pt; line-height: 107%; font-family: Arial, sans-serif; background-image: initial; background-position: initial; background-size: initial; background-repeat: initial; background-attachment: initial; background-origin: initial; background-clip: initial; font-weight: normal;"">Para consulta de la Matriz de Indicadores de Resultados de la DGCSD para el ejercicio 2017, se adjunta la siguiente liga electr&oacute;nica: </span></strong><a href=""http://inicio.inai.org.mx/doc/DGCSD/2017/A70FXXIIIA/MIRDGCSD2017.xlsx""><span style=""font-size: 10pt; line-height: 107%; font-family: Arial, sans-serif; background-image: initial; background-position: initial; background-size: initial; background-repeat: initial; background-attachment: initial; background-origin: initial; background-clip: initial;"">http://inicio.inai.org.mx/doc/DGCSD/2017/A70FXXIIIA/MIRDGCSD2017.xlsx</span></a></p>",,AI-06-AOP-2017,Activo
29,Nacional,"Avisos Institucionales",Avisos,"Protección de datos personales","Promover el pleno ejercicio de los derechos de acceso a la información pública y de protección de datos personales",2017,enero-marzo,"Instituto Nacional de Transparencia, Acceso a la Información y Protección de Datos Personales","Instituto Nacional de Transparencia, Acceso a la Información y Protección de Datos Personales",No,"Día Internacional de Protección de Datos Personales 2017","<p>Pomover el pleno ejercicio de los derechos a acceso a la informaci&oacute;n p&uacute;blica y protecci&oacute;n de datos personales&nbsp;</p>",2017-01-01,2017-01-31,,,,Nacional,"MATRIZ DE INDICADORES DE RESULTADOS DE LA DGCSD 2017",2016-08-17,,,2017-11-06,"DIRECCIÓN GENERAL DE COMUNICACIÓN SOCIAL Y DIFUSIÓN",2017,2017-06-30,"<p>El 17 de agosto de 2016, el Pleno del INAI aprob&oacute; y autoriz&oacute; el anteproyecto de presupuesto, el cual integraba la matriz deindicadores de resultados de la DGCSD 2017.</p>
<p>Para consulta de la Matriz de Indicadores de Resultados de la DGCSD para el ejercicio 2017, se adjunta la siguiente liga electr&oacute;nica: http://inicio.inai.org.mx/doc/DGCSD/2017/A70FXXIIIA/MIRDGCSD2017.xlsx</p>
<p>&nbsp;</p>",,,Activo
30,Nacional,"Avisos Institucionales",Edictos,"Protección de datos personales","Promover el pleno ejercicio de los derechos de acceso a la información pública y de protección de datos personales",2017,abril-junio,"Instituto Nacional de Transparencia, Acceso a la Información y Protección de Datos Personales","Instituto Nacional de Transparencia, Acceso a la Información y Protección de Datos Personales",No,"Edictos 2017","<p>Promover el pleno ejercicio de los derechos a acceso a la informaci&oacute;n p&uacute;blica y protecci&oacute;n de datos personales&nbsp;</p>",2017-01-01,2017-12-31,,,,Nacional,,2016-08-17,,,2017-11-06,"DIRECCIÓN GENERAL DE COMUNICACIÓN SOCIAL Y DIFUSIÓN",2017,2017-06-06,"<p>El 17 de agosto de 2016, el Pleno del INAI aprob&oacute; y autoriz&oacute; el anteproyecto de presupuesto, el cual integraba la matriz deindicadores de resultados de la DGCSD 2017. Para consulta de la Matriz de Indicadores de Resultados de la DGCSD para el ejercicio 2017, se adjunta la siguiente liga electr&oacute;nica: http://inicio.inai.org.mx/doc/DGCSD/2017/A70FXXIIIA/MIRDGCSD2017.xlsx</p>
<p>Durante el ejercicio 2017, en este apartado seran clasificadas todos edictos que publique el INAI en medios impresos.</p>","No aplica","No aplica",Activo
31,Nacional,"Avisos Institucionales",Concursos,Otro,"Promover el pleno ejercicio de los derechos de acceso a la información pública y de protección de datos personales",2017,julio-septiembre,"Instituto Nacional de Transparencia, Acceso a la Información y Protección de Datos Personales","Instituto Nacional de Transparencia, Acceso a la Información y Protección de Datos Personales",No,"Concurso Nacional de Spot de Radio 2017","<p>Promover el pleno ejercicio de los derechos a acceso a la informaci&oacute;n p&uacute;blica y protecci&oacute;n de datos personales&nbsp;</p>",2017-07-01,2017-09-30,,,,Nacional,"Matriz de Indicadores de Resultados de la DGCSD 2017",2016-08-17,,,2017-11-06,"DIRECCIÓN GENERAL DE COMUNICACIÓN SOCIAL Y DIFUSIÓN",2017,2017-09-30,"<p class=""MsoNormal""><strong><span style=""font-size: 10pt; line-height: 107%; font-family: Arial, sans-serif; color: #231f20; background-image: initial; background-position: initial; background-size: initial; background-repeat: initial; background-attachment: initial; background-origin: initial; background-clip: initial; font-weight: normal;"">El 17 de agosto de 2016, el Pleno del INAI aprob&oacute; y autoriz&oacute; el anteproyecto de presupuesto, el cual integraba la matriz de indicadores de resultados de la DGCSD 2017.&nbsp;</span></strong><strong><span style=""font-size: 10pt; line-height: 107%; font-family: Arial, sans-serif; background-image: initial; background-position: initial; background-size: initial; background-repeat: initial; background-attachment: initial; background-origin: initial; background-clip: initial; font-weight: normal;"">Para consulta de la Matriz de Indicadores de Resultados de la DGCSD para el ejercicio 2017, se adjunta la siguiente liga electr&oacute;nica: http://inicio.inai.org.mx/doc/DGCSD/2017/A70FXXIIIA/MIRDGCSD2017.xlsx</span></strong></p>",,AI-03-CNSR-2017,Activo
32,Estatal,"Avisos Institucionales",Avisos,Otro,"Promover el pleno ejercicio de los derechos de acceso a la información pública y de protección de datos personales",2017,julio-septiembre,"Instituto Nacional de Transparencia, Acceso a la Información y Protección de Datos Personales","Instituto Nacional de Transparencia, Acceso a la Información y Protección de Datos Personales",No,"Caravana de la Transparencia y la Privacidad 2017","<p>Promover el pleno ejercicio de los derechos a acceso a la informaci&oacute;n p&uacute;blica y protecci&oacute;n de datos personales&nbsp;</p>",2017-06-01,2017-12-31,,,,Estatal,,2016-08-17,,,2017-11-06,"DIRECCIÓN GENERAL DE COMUNICACIÓN SOCIAL Y DIFUSIÓN",2017,2017-09-30,"<p class=""MsoNormal""><strong><span style=""font-size: 10pt; line-height: 107%; font-family: Arial, sans-serif; color: #231f20; background-image: initial; background-position: initial; background-size: initial; background-repeat: initial; background-attachment: initial; background-origin: initial; background-clip: initial; font-weight: normal;"">El 17 de agosto de 2016, el Pleno del INAI aprob&oacute; y autoriz&oacute; el anteproyecto de presupuesto, el cual integraba la matriz de indicadores de resultados de la DGCSD 2017.&nbsp;</span></strong><strong><span style=""font-size: 10pt; line-height: 107%; font-family: Arial, sans-serif; background-image: initial; background-position: initial; background-size: initial; background-repeat: initial; background-attachment: initial; background-origin: initial; background-clip: initial; font-weight: normal;"">Para consulta de la Matriz de Indicadores de Resultados de la DGCSD para el ejercicio 2017, se adjunta la siguiente liga electr&oacute;nica: http://inicio.inai.org.mx/doc/DGCSD/2017/A70FXXIIIA/MIRDGCSD2017.xlsx</span></strong></p>",,AI-04-CTP-2017,Activo
33,Nacional,"Avisos Institucionales",Concursos,"Protección de datos personales","Promover el pleno ejercicio de los derechos de acceso a la información pública y de protección de datos personales",2017,julio-septiembre,"Instituto Nacional de Transparencia, Acceso a la Información y Protección de Datos Personales","Instituto Nacional de Transparencia, Acceso a la Información y Protección de Datos Personales",No,"Premio de Innovación y Buenas Prácticas en la Protección de Datos Personales 2017","<p>Promover el pleno ejercicio de los derechos a acceso a la informaci&oacute;n p&uacute;blica y protecci&oacute;n de datos personales&nbsp;</p>",2017-06-25,2017-08-06,,,,Nacional,"Matriz de Indicadores de Resultados de la DGCSD para el ejercicio 2017",2016-08-17,,,2017-11-06,"DIRECCIÓN GENERAL DE COMUNICACIÓN SOCIAL Y DIFUSIÓN",2017,2017-09-30,"<p class=""MsoNormal""><strong><span style=""font-size: 10pt; line-height: 107%; font-family: Arial, sans-serif; color: #231f20; background-image: initial; background-position: initial; background-size: initial; background-repeat: initial; background-attachment: initial; background-origin: initial; background-clip: initial; font-weight: normal;"">El 17 de agosto de 2016, el Pleno del INAI aprob&oacute; y autoriz&oacute; el anteproyecto de presupuesto, el cual integraba la matriz de indicadores de resultados de la DGCSD 2017.&nbsp;</span></strong><strong><span style=""font-size: 10pt; line-height: 107%; font-family: Arial, sans-serif; background-image: initial; background-position: initial; background-size: initial; background-repeat: initial; background-attachment: initial; background-origin: initial; background-clip: initial; font-weight: normal;"">Para consulta de la Matriz de Indicadores de Resultados de la DGCSD para el ejercicio 2017, se adjunta la siguiente liga electr&oacute;nica: <a href=""http://inicio.inai.org.mx/doc/DGCSD/2017/A70FXXIIIA/MIRDGCSD2017.xlsx"">http://inicio.inai.org.mx/doc/DGCSD/2017/A70FXXIIIA/MIRDGCSD2017.xlsx</a></span></strong></p>",,AI-05-PIBPPDP-2017,Activo
34,Nacional,Campañas,"Campaña de comunicación social",Otro,"Promover el pleno ejercicio de los derechos de acceso a la información pública y de protección de datos personales",2017,enero-marzo,"Instituto Nacional de Transparencia, Acceso a la Información y Protección de Datos Personales","Instituto Nacional de Transparencia, Acceso a la Información y Protección de Datos Personales",No,"Quehacer institucional 2017","<p>Promover el pleno ejercicio de los derechos a acceso a la informaci&oacute;n p&uacute;blica y protecci&oacute;n de datos personales&nbsp;</p>",2017-01-01,2017-12-31,,,,Nacional,"Matriz de Indicadores de Resultados de la DGCSD para el ejercicio 2017",2016-08-17,"<p>Trimestre: La vigencia de la campa&ntilde;a quehacer institucional corresponde al periodo del 1 de enero al 31 de diciembre de 2017.</p>",,2017-11-06,"DIRECCIÓN GENERAL DE COMUNICACIÓN SOCIAL Y DIFUSIÓN",2017,2017-09-30,"<p class=""MsoNormal""><strong><span style=""font-size: 10pt; line-height: 107%; font-family: Arial, sans-serif; color: #231f20; background-image: initial; background-position: initial; background-size: initial; background-repeat: initial; background-attachment: initial; background-origin: initial; background-clip: initial; font-weight: normal;"">El 17 de agosto de 2016, el Pleno del INAI aprob&oacute; y autoriz&oacute; el anteproyecto de presupuesto, el cual integraba la matriz de indicadores de resultados de la DGCSD 2017.&nbsp;</span></strong><strong><span style=""font-size: 10pt; line-height: 107%; font-family: Arial, sans-serif; background-image: initial; background-position: initial; background-size: initial; background-repeat: initial; background-attachment: initial; background-origin: initial; background-clip: initial; font-weight: normal;"">Para consulta de la Matriz de Indicadores de Resultados de la DGCSD para el ejercicio 2017, se adjunta la siguiente liga electr&oacute;nica: <a href=""http://inicio.inai.org.mx/doc/DGCSD/2017/A70FXXIIIA/MIRDGCSD2017.xlsx"">http://inicio.inai.org.mx/doc/DGCSD/2017/A70FXXIIIA/MIRDGCSD2017.xlsx</a></span></strong></p>
<p class=""MsoNormal"">Trimestre: La vigencia de la campa&ntilde;a quehacer institucional corresponde al periodo del 1 de enero al 31 de diciembre de 2017.</p>",,ACT-PUB/17/08/2016.04,Activo
36,Nacional,"Avisos Institucionales",Avisos,"Acceso a la información, transparencia y rendición de cuentas","Promover el pleno ejercicio de los derechos de acceso a la información pública y de protección de datos personales",2017,octubre-diciembre,"Instituto Nacional de Transparencia, Acceso a la Información y Protección de Datos Personales","Instituto Nacional de Transparencia, Acceso a la Información y Protección de Datos Personales",No,"Semana Nacional de Transparencia 2017","<p>Promover el pleno ejercicio de los derechos a acceso a la informaci&oacute;n p&uacute;blica y protecci&oacute;n de datos personales&nbsp;</p>",2017-09-18,2017-09-24,,,,Nacional,"Matriz de Indicadores de Resultados de la DGCSD para el ejercicio 2017",2016-08-17,,,2018-01-31,"DIRECCIÓN GENERAL DE COMUNICACIÓN SOCIAL Y DIFUSIÓN",2017,2017-12-31,"<p class=""MsoNormal""><strong><span style=""font-size: 10pt; line-height: 107%; font-family: Arial, sans-serif; color: #231f20; background-image: initial; background-position: initial; background-size: initial; background-repeat: initial; background-attachment: initial; background-origin: initial; background-clip: initial; font-weight: normal;"">El 17 de agosto de 2016, el Pleno del INAI aprob&oacute; y autoriz&oacute; el anteproyecto de presupuesto, el cual integraba la matriz de indicadores de resultados de la DGCSD 2017.&nbsp;</span></strong><strong><span style=""font-size: 10pt; line-height: 107%; font-family: Arial, sans-serif; background-image: initial; background-position: initial; background-size: initial; background-repeat: initial; background-attachment: initial; background-origin: initial; background-clip: initial; font-weight: normal;"">Para consulta de la Matriz de Indicadores de Resultados de la DGCSD para el ejercicio 2017, se adjunta la siguiente liga electr&oacute;nica: </span></strong><a href=""http://inicio.inai.org.mx/doc/DGCSD/2017/A70FXXIIIA/MIRDGCSD2017.xlsx""><span style=""font-size: 10pt; line-height: 107%; font-family: Arial, sans-serif; background-image: initial; background-position: initial; background-size: initial; background-repeat: initial; background-attachment: initial; background-origin: initial; background-clip: initial;"">http://inicio.inai.org.mx/doc/DGCSD/2017/A70FXXIIIA/MIRDGCSD2017.xlsx</span></a></p>",,AI-07-SNT-2017,Activo
37,Nacional,Campañas,"Campaña de comunicación social","Acceso a la información, transparencia y rendición de cuentas","Promover el pleno ejercicio de los derechos de acceso a la información pública y de protección de datos personales",2017,octubre-diciembre,"Instituto Nacional de Transparencia, Acceso a la Información y Protección de Datos Personales","Instituto Nacional de Transparencia, Acceso a la Información y Protección de Datos Personales",Sí,"Institucional 2017","<p>Promover el pleno ejercicio de los derechos a acceso a la informaci&oacute;n p&uacute;blica y protecci&oacute;n de datos personales&nbsp;</p>",2017-11-06,2017-12-31,2017-11-06,2017-12-31,,Nacional,"Matriz de Indicadores de Resultados de la DGCSD para el ejercicio 2017",2016-08-17,,,2018-01-31,"DIRECCIÓN GENERAL DE COMUNICACIÓN SOCIAL Y DIFUSIÓN",2017,2017-12-31,"<p class=""MsoNormal""><strong><span style=""font-size: 10pt; line-height: 107%; font-family: Arial, sans-serif; color: #231f20; background-image: initial; background-position: initial; background-size: initial; background-repeat: initial; background-attachment: initial; background-origin: initial; background-clip: initial; font-weight: normal;"">El 17 de agosto de 2016, el Pleno del INAI aprob&oacute; y autoriz&oacute; el anteproyecto de presupuesto, el cual integraba la matriz de indicadores de resultados de la DGCSD 2017.&nbsp;</span></strong><strong><span style=""font-size: 10pt; line-height: 107%; font-family: Arial, sans-serif; background-image: initial; background-position: initial; background-size: initial; background-repeat: initial; background-attachment: initial; background-origin: initial; background-clip: initial; font-weight: normal;"">Para consulta de la Matriz de Indicadores de Resultados de la DGCSD para el ejercicio 2017, se adjunta la siguiente liga electr&oacute;nica: </span></strong><a href=""http://inicio.inai.org.mx/doc/DGCSD/2017/A70FXXIIIA/MIRDGCSD2017.xlsx""><span style=""font-size: 10pt; line-height: 107%; font-family: Arial, sans-serif; background-image: initial; background-position: initial; background-size: initial; background-repeat: initial; background-attachment: initial; background-origin: initial; background-clip: initial;"">http://inicio.inai.org.mx/doc/DGCSD/2017/A70FXXIIIA/MIRDGCSD2017.xlsx</span></a></p>",,ACT-PUB/17/08/2016.04,Activo
38,Nacional,"Avisos Institucionales",Avisos,"Protección de datos personales","Promover el pleno ejercicio de los derechos de acceso a la información pública y de protección de datos personales",2018,enero-marzo,"Instituto Nacional de Transparencia, Acceso a la Información y Protección de Datos Personales","Instituto Nacional de Transparencia, Acceso a la Información y Protección de Datos Personales",No,"Día Internacional de Proteccion de Datos Personales 2018","<p>Difundir el aviso institucional de la celebraci&oacute;n del D&iacute;a Internacional de Protecci&oacute;n de Datos Personales.</p>",2018-01-10,2018-01-24,,,,Nacional,"Matriz de Indicadores de Resultados de la DGCSD 2018",2017-08-16,,,2018-04-11,"Dirección General de Comunicación Social y Difusión",2018,2018-03-31,"<p>El 16 de agosto de 2017, el Pleno del INAI aprob&oacute; y autoriz&oacute; el anteproyecto de presupuesto, el cual integraba la matriz deindicadores de resultados de la DGCSD 2018.</p>
<p>Para consulta de la Matriz de Indicadores de Resultados de la DGCSD para el ejercicio 2018, se adjunta la siguiente liga electr&oacute;nica: http://inicio.inai.org.mx/doc/DGCSD/2018/A70FXXIIIA/DGCSD.MIR.2018.XLSX</p>","Pleno del INAI",ACT-PUB/16/08/2017.09,Activo
39,Nacional,"Avisos Institucionales",Avisos,"Protección de datos personales","Promover el pleno ejercicio de los derechos de acceso a la información pública y de protección de datos personales",2018,enero-marzo,"Instituto Nacional de Transparencia, Acceso a la Información y Protección de Datos Personales","Instituto Nacional de Transparencia, Acceso a la Información y Protección de Datos Personales",No,"Quehacer institucional 2018","<p>Promover el pleno ejercicio de los derechos de Acceso a la Informaci&oacute;n P&uacute;blica de Protecci&oacute;n de Datos Personales</p>",2018-01-01,2018-12-31,,,,Nacional,"Matriz de Indicadores de Resultados de la DGCSD 2018",2017-08-16,,DGCSD.MIR.2018.XLSX,2018-04-11,"Dirección General de Comunicación Social y Difusión",2018,2018-03-31,"<p><span style=""font-family: 'Corbel',sans-serif; font-size: 10pt; mso-fareast-font-family: 'Times New Roman'; mso-bidi-font-family: Arial; mso-ansi-language: ES-MX; mso-fareast-language: ES; mso-bidi-language: AR-SA; mso-bidi-font-weight: bold;"">Aviso institucional&nbsp;-&nbsp; Quehacer institucional 2018 -&nbsp;Sensibilizaci&oacute;n&nbsp;datos biom&eacute;tricos y c&oacute;mo protegerlos</span></p>",DGCSD,QI-2018-DB-01,Activo
40,Nacional,"Avisos Institucionales",Avisos,"Acceso a la información, transparencia y rendición de cuentas","Promover el pleno ejercicio de los derechos de acceso a la información pública y de protección de datos personales",2018,abril-junio,"Instituto Nacional de Transparencia, Acceso a la Información y Protección de Datos Personales","Instituto Nacional de Transparencia, Acceso a la Información y Protección de Datos Personales",No,"I Cumbre Nacional de Gobierno Abierto","<p>&nbsp;</p>
<p style=""margin: 0cm 0cm 8pt;""><span style=""font-family: Calibri; font-size: medium;""><span style=""line-height: 107%; font-family: 'Corbel',sans-serif; font-size: 10pt; mso-fareast-font-family: Calibri; mso-fareast-theme-font: minor-latin; mso-bidi-font-family: Arial; mso-fareast-language: EN-US; mso-ansi-language: ES-MX; mso-bidi-language: AR-SA; mso-bidi-font-weight: bold;"">Difundir el aviso institucional con motivo de la I Cumbre Nacional de Gobierno Abierto.</span></span></p>
<p>&nbsp;</p>",2018-04-05,2018-04-12,,,,Nacional,"Matriz de Indicadores de Resultados de la DGCSD 2018",2017-08-16,"<p>&nbsp;</p>
<p>&nbsp;</p>",,2018-06-30,"Dirección General de Comunicación Social y Difusión",2018,2018-07-13,"<p>El 16 de agosto de 2017, el Pleno del INAI aprob&oacute; y autoriz&oacute; el anteproyecto de presupuesto, el cual integraba la matriz deindicadores de resultados de la DGCSD 2018.</p>
<p>Para consulta de la Matriz de Indicadores de Resultados de la DGCSD para el ejercicio 2018, se adjunta la siguiente liga electr&oacute;nica: http://inicio.inai.org.mx/doc/DGCSD/2018/A70FXXIIIA/DGCSD.MIR.2018.XLSX</p>","PLENO DEL INAI",ACT-PUB/16/08/2017.09,Activo
41,Nacional,"Avisos Institucionales",Avisos,"Acceso a la información, transparencia y rendición de cuentas","Promover el pleno ejercicio de los derechos de acceso a la información pública y de protección de datos personales",2018,abril-junio,"Instituto Nacional de Transparencia, Acceso a la Información y Protección de Datos Personales","Instituto Nacional de Transparencia, Acceso a la Información y Protección de Datos Personales",No,"Foro de la Ley General de Archivos.2018","<p><span style=""font-family: 'Corbel',sans-serif; font-size: 10pt; mso-fareast-font-family: 'Times New Roman'; mso-bidi-font-family: Arial; mso-ansi-language: ES-MX; mso-fareast-language: ES; mso-bidi-language: AR-SA; mso-bidi-font-weight: bold;"">Difundir&nbsp;el aviso institucional&nbsp;del Foro de la Ley General de Archivos, Instrumento para fortalecer la transparencia, la rendici&oacute;n de cuentas y preservar la memoria hist&oacute;rica.</span></p>",2018-05-28,2018-06-12,0000-00-00,0000-00-00,,Nacional,"Matriz de Indicadores de Resultados de la DGCSD 2018",2018-08-01,,,2018-06-30,"Dirección General de Comunicación Social y Difusión",0,2018-07-13,"<p>El 16 de agosto de 2017, el Pleno del INAI aprob&oacute; y autoriz&oacute; el anteproyecto de presupuesto, el cual integraba la matriz deindicadores de resultados de la DGCSD 2018.</p>
<p>Para consulta de la Matriz de Indicadores de Resultados de la DGCSD para el ejercicio 2018, se adjunta la siguiente liga electr&oacute;nica: http://inicio.inai.org.mx/doc/DGCSD/2018/A70FXXIIIA/DGCSD.MIR.2018.XLSX</p>
<p>&nbsp;</p>","Pleno del INAI",ACT-PUB/16/08/2018,Activo
42,Estatal,"Avisos Institucionales",Aclaraciones,Marina,"Coordinar el Sistema Nacional de Transparencia y de Protecciónn de Datos Personales, para que los órganos garantes establezcan, apliquen y evalúen acciones de acceso a la información pública y de protección y debido tratamiento de datos personales",2019,julio-septiembre,"Instituto Nacional de Transparencia, Acceso a la Información y Protección de Datos Personales","Instituto Nacional de Transparencia, Acceso a la Información y Protección de Datos Personales",Sí,prueba_tpov2,,2019-01-01,2019-08-31,2019-08-01,2019-08-22,,,,2019-01-10,,,0000-00-00,,0,2019-08-03,,Ariel,tpov2,Activo
43,Municipal,"Avisos Institucionales",Convocatorias,"Ecología y medio ambiente","Garantizar el óptimo cumplimiento de los derechos de acceso a la información pública y la protección de datos personales",2019,octubre-diciembre,"Instituto Nacional de Transparencia, Acceso a la Información y Protección de Datos Personales","Instituto Nacional de Transparencia, Acceso a la Información y Protección de Datos Personales",No,"probando Tipo tiempo oficial",,0000-00-00,0000-00-00,0000-00-00,0000-00-00,,,,2019-02-01,,,0000-00-00,,0,0000-00-00,,Ariel,tpov2-040819,Activo
44,Estatal,Campañas,"Campaña de comunicación social","Derechos humanos","Garantizar el óptimo cumplimiento de los derechos de acceso a la información pública y la protección de datos personales",2019,enero-marzo,"Instituto Nacional de Transparencia, Acceso a la Información y Protección de Datos Personales","Instituto Nacional de Transparencia, Acceso a la Información y Protección de Datos Personales",Sí,"prueba de monto total de tiempo",,0000-00-00,0000-00-00,0000-00-00,0000-00-00,,,,2019-01-15,"<p>prueba de nuevos campos</p>",,0000-00-00,,0,0000-00-00,,,001_monto,Activo
