#,"Campaña/Aviso institucional","Población lugar"
1,Edictos,Aguascalientes
2,Edictos,"Baja California"
3,Edictos,"Baja California Sur"
4,Edictos,Campeche
5,Edictos,Chiapas
6,Edictos,Chihuahua
7,Edictos,"Coahuila de Zaragoza"
8,Edictos,Colima
9,Edictos,"Distrito Federal"
10,Edictos,Durango
11,Edictos,Guanajuato
12,Edictos,Guerrero
13,Edictos,Hidalgo
14,Edictos,Jalisco
15,Edictos,México
16,Edictos,"Michoacán de Ocampo"
17,Edictos,Morelos
18,Edictos,Nayarit
19,Edictos,"Nuevo León"
20,Edictos,Oaxaca
21,Edictos,Puebla
22,Edictos,Querétaro
23,Edictos,"Quintana Roo"
24,Edictos,"San Luis Potosí"
25,Edictos,Sinaloa
26,Edictos,Sonora
27,Edictos,Tabasco
28,Edictos,Tamaulipas
29,Edictos,Tlaxcala
30,Edictos,"Veracruz de Ignacio de la Llave"
31,Edictos,Yucatán
32,Edictos,Zacatecas
33,"Día Internacional de Protección de Datos Personales 2015",Aguascalientes
34,"Día Internacional de Protección de Datos Personales 2015","Baja California"
35,"Día Internacional de Protección de Datos Personales 2015",Chihuahua
36,"Día Internacional de Protección de Datos Personales 2015",México
37,"Día Internacional de Protección de Datos Personales 2015",Guanajuato
38,"Día Internacional de Protección de Datos Personales 2015",Jalisco
39,"Día Internacional de Protección de Datos Personales 2015",Michoacán
40,"Día Internacional de Protección de Datos Personales 2015",Nacional
41,"Día Internacional de Protección de Datos Personales 2015","Nuevo León"
42,"Día Internacional de Protección de Datos Personales 2015",Puebla
43,"Día Internacional de Protección de Datos Personales 2015",Sonora
44,"Día Internacional de Protección de Datos Personales 2015",Veracruz
45,"Día Internacional de Protección de Datos Personales 2015",Yucatán
46,"Día Internacional de Protección de Datos Personales 2015",Zacatecas
47,"3er. Seminario Internacional sobre Gestión Documental y Transparencia",Aguascalientes
48,"3er. Seminario Internacional sobre Gestión Documental y Transparencia","Baja California"
49,"3er. Seminario Internacional sobre Gestión Documental y Transparencia","Baja California Sur"
50,"3er. Seminario Internacional sobre Gestión Documental y Transparencia",Campeche
51,"3er. Seminario Internacional sobre Gestión Documental y Transparencia",Chiapas
52,"3er. Seminario Internacional sobre Gestión Documental y Transparencia",Chihuahua
53,"3er. Seminario Internacional sobre Gestión Documental y Transparencia","Coahuila de Zaragoza"
54,"3er. Seminario Internacional sobre Gestión Documental y Transparencia",Colima
55,"3er. Seminario Internacional sobre Gestión Documental y Transparencia","Distrito Federal"
56,"3er. Seminario Internacional sobre Gestión Documental y Transparencia",Durango
57,"3er. Seminario Internacional sobre Gestión Documental y Transparencia",Guanajuato
58,"3er. Seminario Internacional sobre Gestión Documental y Transparencia",Guerrero
59,"3er. Seminario Internacional sobre Gestión Documental y Transparencia",Hidalgo
60,"3er. Seminario Internacional sobre Gestión Documental y Transparencia",Jalisco
61,"3er. Seminario Internacional sobre Gestión Documental y Transparencia",México
62,"3er. Seminario Internacional sobre Gestión Documental y Transparencia","Michoacán de Ocampo"
63,"3er. Seminario Internacional sobre Gestión Documental y Transparencia",Morelos
64,"3er. Seminario Internacional sobre Gestión Documental y Transparencia",Nayarit
65,"3er. Seminario Internacional sobre Gestión Documental y Transparencia","Nuevo León"
66,"3er. Seminario Internacional sobre Gestión Documental y Transparencia",Oaxaca
67,"3er. Seminario Internacional sobre Gestión Documental y Transparencia",Puebla
68,"3er. Seminario Internacional sobre Gestión Documental y Transparencia",Querétaro
69,"3er. Seminario Internacional sobre Gestión Documental y Transparencia","Quintana Roo"
70,"3er. Seminario Internacional sobre Gestión Documental y Transparencia","San Luis Potosí"
71,"3er. Seminario Internacional sobre Gestión Documental y Transparencia",Sinaloa
72,"3er. Seminario Internacional sobre Gestión Documental y Transparencia",Sonora
73,"3er. Seminario Internacional sobre Gestión Documental y Transparencia",Tabasco
74,"3er. Seminario Internacional sobre Gestión Documental y Transparencia",Tamaulipas
75,"3er. Seminario Internacional sobre Gestión Documental y Transparencia",Tlaxcala
76,"3er. Seminario Internacional sobre Gestión Documental y Transparencia","Veracruz de Ignacio de la Llave"
77,"3er. Seminario Internacional sobre Gestión Documental y Transparencia",Yucatán
78,"3er. Seminario Internacional sobre Gestión Documental y Transparencia",Zacatecas
79,"3er. Seminario Internacional sobre Gestión Documental y Transparencia y el servicio telefónico TELINAI",Aguascalientes
80,"3er. Seminario Internacional sobre Gestión Documental y Transparencia y el servicio telefónico TELINAI","Baja California"
81,"3er. Seminario Internacional sobre Gestión Documental y Transparencia y el servicio telefónico TELINAI","Baja California Sur"
82,"3er. Seminario Internacional sobre Gestión Documental y Transparencia y el servicio telefónico TELINAI",Campeche
83,"3er. Seminario Internacional sobre Gestión Documental y Transparencia y el servicio telefónico TELINAI",Chiapas
84,"3er. Seminario Internacional sobre Gestión Documental y Transparencia y el servicio telefónico TELINAI",Chihuahua
85,"3er. Seminario Internacional sobre Gestión Documental y Transparencia y el servicio telefónico TELINAI","Coahuila de Zaragoza"
86,"3er. Seminario Internacional sobre Gestión Documental y Transparencia y el servicio telefónico TELINAI",Colima
87,"3er. Seminario Internacional sobre Gestión Documental y Transparencia y el servicio telefónico TELINAI","Distrito Federal"
88,"3er. Seminario Internacional sobre Gestión Documental y Transparencia y el servicio telefónico TELINAI",Durango
89,"3er. Seminario Internacional sobre Gestión Documental y Transparencia y el servicio telefónico TELINAI",Guanajuato
90,"3er. Seminario Internacional sobre Gestión Documental y Transparencia y el servicio telefónico TELINAI",Guerrero
91,"3er. Seminario Internacional sobre Gestión Documental y Transparencia y el servicio telefónico TELINAI",Hidalgo
92,"3er. Seminario Internacional sobre Gestión Documental y Transparencia y el servicio telefónico TELINAI",Jalisco
93,"3er. Seminario Internacional sobre Gestión Documental y Transparencia y el servicio telefónico TELINAI",México
94,"3er. Seminario Internacional sobre Gestión Documental y Transparencia y el servicio telefónico TELINAI","Michoacán de Ocampo"
95,"3er. Seminario Internacional sobre Gestión Documental y Transparencia y el servicio telefónico TELINAI",Morelos
96,"3er. Seminario Internacional sobre Gestión Documental y Transparencia y el servicio telefónico TELINAI",Nayarit
97,"3er. Seminario Internacional sobre Gestión Documental y Transparencia y el servicio telefónico TELINAI","Nuevo León"
98,"3er. Seminario Internacional sobre Gestión Documental y Transparencia y el servicio telefónico TELINAI",Oaxaca
99,"3er. Seminario Internacional sobre Gestión Documental y Transparencia y el servicio telefónico TELINAI",Puebla
100,"3er. Seminario Internacional sobre Gestión Documental y Transparencia y el servicio telefónico TELINAI",Querétaro
101,"3er. Seminario Internacional sobre Gestión Documental y Transparencia y el servicio telefónico TELINAI","Quintana Roo"
102,"3er. Seminario Internacional sobre Gestión Documental y Transparencia y el servicio telefónico TELINAI","San Luis Potosí"
103,"3er. Seminario Internacional sobre Gestión Documental y Transparencia y el servicio telefónico TELINAI",Sinaloa
104,"3er. Seminario Internacional sobre Gestión Documental y Transparencia y el servicio telefónico TELINAI",Sonora
105,"3er. Seminario Internacional sobre Gestión Documental y Transparencia y el servicio telefónico TELINAI",Tabasco
106,"3er. Seminario Internacional sobre Gestión Documental y Transparencia y el servicio telefónico TELINAI",Tamaulipas
107,"3er. Seminario Internacional sobre Gestión Documental y Transparencia y el servicio telefónico TELINAI",Tlaxcala
108,"3er. Seminario Internacional sobre Gestión Documental y Transparencia y el servicio telefónico TELINAI","Veracruz de Ignacio de la Llave"
109,"3er. Seminario Internacional sobre Gestión Documental y Transparencia y el servicio telefónico TELINAI",Yucatán
110,"3er. Seminario Internacional sobre Gestión Documental y Transparencia y el servicio telefónico TELINAI",Zacatecas
111,"3er. Seminario Internacional sobre Gestión Documental y Transparencia y nombramiento del Rector de la UNAM",Aguascalientes
112,"3er. Seminario Internacional sobre Gestión Documental y Transparencia y nombramiento del Rector de la UNAM","Baja California"
113,"3er. Seminario Internacional sobre Gestión Documental y Transparencia y nombramiento del Rector de la UNAM","Baja California Sur"
114,"3er. Seminario Internacional sobre Gestión Documental y Transparencia y nombramiento del Rector de la UNAM",Campeche
115,"3er. Seminario Internacional sobre Gestión Documental y Transparencia y nombramiento del Rector de la UNAM",Chiapas
116,"3er. Seminario Internacional sobre Gestión Documental y Transparencia y nombramiento del Rector de la UNAM",Chihuahua
117,"3er. Seminario Internacional sobre Gestión Documental y Transparencia y nombramiento del Rector de la UNAM","Coahuila de Zaragoza"
118,"3er. Seminario Internacional sobre Gestión Documental y Transparencia y nombramiento del Rector de la UNAM",Colima
119,"3er. Seminario Internacional sobre Gestión Documental y Transparencia y nombramiento del Rector de la UNAM","Distrito Federal"
120,"3er. Seminario Internacional sobre Gestión Documental y Transparencia y nombramiento del Rector de la UNAM",Durango
121,"3er. Seminario Internacional sobre Gestión Documental y Transparencia y nombramiento del Rector de la UNAM",Guanajuato
122,"3er. Seminario Internacional sobre Gestión Documental y Transparencia y nombramiento del Rector de la UNAM",Guerrero
123,"3er. Seminario Internacional sobre Gestión Documental y Transparencia y nombramiento del Rector de la UNAM",Hidalgo
124,"3er. Seminario Internacional sobre Gestión Documental y Transparencia y nombramiento del Rector de la UNAM",Jalisco
125,"3er. Seminario Internacional sobre Gestión Documental y Transparencia y nombramiento del Rector de la UNAM",México
126,"3er. Seminario Internacional sobre Gestión Documental y Transparencia y nombramiento del Rector de la UNAM","Michoacán de Ocampo"
127,"3er. Seminario Internacional sobre Gestión Documental y Transparencia y nombramiento del Rector de la UNAM",Morelos
128,"3er. Seminario Internacional sobre Gestión Documental y Transparencia y nombramiento del Rector de la UNAM",Nayarit
129,"3er. Seminario Internacional sobre Gestión Documental y Transparencia y nombramiento del Rector de la UNAM","Nuevo León"
130,"3er. Seminario Internacional sobre Gestión Documental y Transparencia y nombramiento del Rector de la UNAM",Oaxaca
131,"3er. Seminario Internacional sobre Gestión Documental y Transparencia y nombramiento del Rector de la UNAM",Puebla
132,"3er. Seminario Internacional sobre Gestión Documental y Transparencia y nombramiento del Rector de la UNAM",Querétaro
133,"3er. Seminario Internacional sobre Gestión Documental y Transparencia y nombramiento del Rector de la UNAM","Quintana Roo"
134,"3er. Seminario Internacional sobre Gestión Documental y Transparencia y nombramiento del Rector de la UNAM","San Luis Potosí"
135,"3er. Seminario Internacional sobre Gestión Documental y Transparencia y nombramiento del Rector de la UNAM",Sinaloa
136,"3er. Seminario Internacional sobre Gestión Documental y Transparencia y nombramiento del Rector de la UNAM",Sonora
137,"3er. Seminario Internacional sobre Gestión Documental y Transparencia y nombramiento del Rector de la UNAM",Tabasco
138,"3er. Seminario Internacional sobre Gestión Documental y Transparencia y nombramiento del Rector de la UNAM",Tamaulipas
139,"3er. Seminario Internacional sobre Gestión Documental y Transparencia y nombramiento del Rector de la UNAM",Tlaxcala
140,"3er. Seminario Internacional sobre Gestión Documental y Transparencia y nombramiento del Rector de la UNAM","Veracruz de Ignacio de la Llave"
141,"3er. Seminario Internacional sobre Gestión Documental y Transparencia y nombramiento del Rector de la UNAM",Yucatán
142,"3er. Seminario Internacional sobre Gestión Documental y Transparencia y nombramiento del Rector de la UNAM",Zacatecas
143,"Alcances y Retos de la Ley General de Transparencia y Acceso a la Información Pública",Aguascalientes
144,"Alcances y Retos de la Ley General de Transparencia y Acceso a la Información Pública","Baja California"
145,"Alcances y Retos de la Ley General de Transparencia y Acceso a la Información Pública","Baja California Sur"
146,"Alcances y Retos de la Ley General de Transparencia y Acceso a la Información Pública",Campeche
147,"Alcances y Retos de la Ley General de Transparencia y Acceso a la Información Pública",Chiapas
148,"Alcances y Retos de la Ley General de Transparencia y Acceso a la Información Pública",Chihuahua
149,"Alcances y Retos de la Ley General de Transparencia y Acceso a la Información Pública","Coahuila de Zaragoza"
150,"Alcances y Retos de la Ley General de Transparencia y Acceso a la Información Pública",Colima
151,"Alcances y Retos de la Ley General de Transparencia y Acceso a la Información Pública","Distrito Federal"
152,"Alcances y Retos de la Ley General de Transparencia y Acceso a la Información Pública",Durango
153,"Alcances y Retos de la Ley General de Transparencia y Acceso a la Información Pública",Guanajuato
154,"Alcances y Retos de la Ley General de Transparencia y Acceso a la Información Pública",Guerrero
155,"Alcances y Retos de la Ley General de Transparencia y Acceso a la Información Pública",Hidalgo
156,"Alcances y Retos de la Ley General de Transparencia y Acceso a la Información Pública",Jalisco
157,"Alcances y Retos de la Ley General de Transparencia y Acceso a la Información Pública",México
158,"Alcances y Retos de la Ley General de Transparencia y Acceso a la Información Pública","Michoacán de Ocampo"
159,"Alcances y Retos de la Ley General de Transparencia y Acceso a la Información Pública",Morelos
160,"Alcances y Retos de la Ley General de Transparencia y Acceso a la Información Pública",Nayarit
161,"Alcances y Retos de la Ley General de Transparencia y Acceso a la Información Pública","Nuevo León"
162,"Alcances y Retos de la Ley General de Transparencia y Acceso a la Información Pública",Oaxaca
163,"Alcances y Retos de la Ley General de Transparencia y Acceso a la Información Pública",Puebla
164,"Alcances y Retos de la Ley General de Transparencia y Acceso a la Información Pública",Querétaro
165,"Alcances y Retos de la Ley General de Transparencia y Acceso a la Información Pública","Quintana Roo"
166,"Alcances y Retos de la Ley General de Transparencia y Acceso a la Información Pública","San Luis Potosí"
167,"Alcances y Retos de la Ley General de Transparencia y Acceso a la Información Pública",Sinaloa
168,"Alcances y Retos de la Ley General de Transparencia y Acceso a la Información Pública",Sonora
169,"Alcances y Retos de la Ley General de Transparencia y Acceso a la Información Pública",Tabasco
170,"Alcances y Retos de la Ley General de Transparencia y Acceso a la Información Pública",Tamaulipas
171,"Alcances y Retos de la Ley General de Transparencia y Acceso a la Información Pública",Tlaxcala
172,"Alcances y Retos de la Ley General de Transparencia y Acceso a la Información Pública","Veracruz de Ignacio de la Llave"
173,"Alcances y Retos de la Ley General de Transparencia y Acceso a la Información Pública",Yucatán
174,"Alcances y Retos de la Ley General de Transparencia y Acceso a la Información Pública",Zacatecas
175,"Elección del Presidente de la Suprema Corte de Justicia de la Nación y Presidente del Consejo de la Judicatura Federal",Aguascalientes
176,"Elección del Presidente de la Suprema Corte de Justicia de la Nación y Presidente del Consejo de la Judicatura Federal","Baja California"
177,"Elección del Presidente de la Suprema Corte de Justicia de la Nación y Presidente del Consejo de la Judicatura Federal","Baja California Sur"
178,"Elección del Presidente de la Suprema Corte de Justicia de la Nación y Presidente del Consejo de la Judicatura Federal",Campeche
179,"Elección del Presidente de la Suprema Corte de Justicia de la Nación y Presidente del Consejo de la Judicatura Federal",Chiapas
180,"Elección del Presidente de la Suprema Corte de Justicia de la Nación y Presidente del Consejo de la Judicatura Federal",Chihuahua
181,"Elección del Presidente de la Suprema Corte de Justicia de la Nación y Presidente del Consejo de la Judicatura Federal","Coahuila de Zaragoza"
182,"Elección del Presidente de la Suprema Corte de Justicia de la Nación y Presidente del Consejo de la Judicatura Federal",Colima
183,"Elección del Presidente de la Suprema Corte de Justicia de la Nación y Presidente del Consejo de la Judicatura Federal","Distrito Federal"
184,"Elección del Presidente de la Suprema Corte de Justicia de la Nación y Presidente del Consejo de la Judicatura Federal",Durango
185,"Elección del Presidente de la Suprema Corte de Justicia de la Nación y Presidente del Consejo de la Judicatura Federal",Guanajuato
186,"Elección del Presidente de la Suprema Corte de Justicia de la Nación y Presidente del Consejo de la Judicatura Federal",Guerrero
187,"Elección del Presidente de la Suprema Corte de Justicia de la Nación y Presidente del Consejo de la Judicatura Federal",Hidalgo
188,"Elección del Presidente de la Suprema Corte de Justicia de la Nación y Presidente del Consejo de la Judicatura Federal",Jalisco
189,"Elección del Presidente de la Suprema Corte de Justicia de la Nación y Presidente del Consejo de la Judicatura Federal",México
190,"Elección del Presidente de la Suprema Corte de Justicia de la Nación y Presidente del Consejo de la Judicatura Federal","Michoacán de Ocampo"
191,"Elección del Presidente de la Suprema Corte de Justicia de la Nación y Presidente del Consejo de la Judicatura Federal",Morelos
192,"Elección del Presidente de la Suprema Corte de Justicia de la Nación y Presidente del Consejo de la Judicatura Federal",Nayarit
193,"Elección del Presidente de la Suprema Corte de Justicia de la Nación y Presidente del Consejo de la Judicatura Federal","Nuevo León"
194,"Elección del Presidente de la Suprema Corte de Justicia de la Nación y Presidente del Consejo de la Judicatura Federal",Oaxaca
195,"Elección del Presidente de la Suprema Corte de Justicia de la Nación y Presidente del Consejo de la Judicatura Federal",Puebla
196,"Elección del Presidente de la Suprema Corte de Justicia de la Nación y Presidente del Consejo de la Judicatura Federal",Querétaro
197,"Elección del Presidente de la Suprema Corte de Justicia de la Nación y Presidente del Consejo de la Judicatura Federal","Quintana Roo"
198,"Elección del Presidente de la Suprema Corte de Justicia de la Nación y Presidente del Consejo de la Judicatura Federal","San Luis Potosí"
199,"Elección del Presidente de la Suprema Corte de Justicia de la Nación y Presidente del Consejo de la Judicatura Federal",Sinaloa
200,"Elección del Presidente de la Suprema Corte de Justicia de la Nación y Presidente del Consejo de la Judicatura Federal",Sonora
201,"Elección del Presidente de la Suprema Corte de Justicia de la Nación y Presidente del Consejo de la Judicatura Federal",Tabasco
202,"Elección del Presidente de la Suprema Corte de Justicia de la Nación y Presidente del Consejo de la Judicatura Federal",Tamaulipas
203,"Elección del Presidente de la Suprema Corte de Justicia de la Nación y Presidente del Consejo de la Judicatura Federal",Tlaxcala
204,"Elección del Presidente de la Suprema Corte de Justicia de la Nación y Presidente del Consejo de la Judicatura Federal","Veracruz de Ignacio de la Llave"
205,"Elección del Presidente de la Suprema Corte de Justicia de la Nación y Presidente del Consejo de la Judicatura Federal",Yucatán
206,"Elección del Presidente de la Suprema Corte de Justicia de la Nación y Presidente del Consejo de la Judicatura Federal",Zacatecas
207,"Encuentro Regional de Transparencia y Protección de Datos Personales",Aguascalientes
208,"Encuentro Regional de Transparencia y Protección de Datos Personales","Baja California"
209,"Encuentro Regional de Transparencia y Protección de Datos Personales","Baja California Sur"
210,"Encuentro Regional de Transparencia y Protección de Datos Personales",Campeche
211,"Encuentro Regional de Transparencia y Protección de Datos Personales",Chiapas
212,"Encuentro Regional de Transparencia y Protección de Datos Personales",Chihuahua
213,"Encuentro Regional de Transparencia y Protección de Datos Personales","Coahuila de Zaragoza"
214,"Encuentro Regional de Transparencia y Protección de Datos Personales",Colima
215,"Encuentro Regional de Transparencia y Protección de Datos Personales","Distrito Federal"
216,"Encuentro Regional de Transparencia y Protección de Datos Personales",Durango
217,"Encuentro Regional de Transparencia y Protección de Datos Personales",Guanajuato
218,"Encuentro Regional de Transparencia y Protección de Datos Personales",Guerrero
219,"Encuentro Regional de Transparencia y Protección de Datos Personales",Hidalgo
220,"Encuentro Regional de Transparencia y Protección de Datos Personales",Jalisco
221,"Encuentro Regional de Transparencia y Protección de Datos Personales",México
222,"Encuentro Regional de Transparencia y Protección de Datos Personales","Michoacán de Ocampo"
223,"Encuentro Regional de Transparencia y Protección de Datos Personales",Morelos
224,"Encuentro Regional de Transparencia y Protección de Datos Personales",Nayarit
225,"Encuentro Regional de Transparencia y Protección de Datos Personales","Nuevo León"
226,"Encuentro Regional de Transparencia y Protección de Datos Personales",Oaxaca
227,"Encuentro Regional de Transparencia y Protección de Datos Personales",Puebla
228,"Encuentro Regional de Transparencia y Protección de Datos Personales",Querétaro
229,"Encuentro Regional de Transparencia y Protección de Datos Personales","Quintana Roo"
230,"Encuentro Regional de Transparencia y Protección de Datos Personales","San Luis Potosí"
231,"Encuentro Regional de Transparencia y Protección de Datos Personales",Sinaloa
232,"Encuentro Regional de Transparencia y Protección de Datos Personales",Sonora
233,"Encuentro Regional de Transparencia y Protección de Datos Personales",Tabasco
234,"Encuentro Regional de Transparencia y Protección de Datos Personales",Tamaulipas
235,"Encuentro Regional de Transparencia y Protección de Datos Personales",Tlaxcala
236,"Encuentro Regional de Transparencia y Protección de Datos Personales","Veracruz de Ignacio de la Llave"
237,"Encuentro Regional de Transparencia y Protección de Datos Personales",Yucatán
238,"Encuentro Regional de Transparencia y Protección de Datos Personales",Zacatecas
239,"Fiesta de la Transparencia",Aguascalientes
240,"Fiesta de la Transparencia","Baja California"
241,"Fiesta de la Transparencia","Baja California Sur"
242,"Fiesta de la Transparencia",Campeche
243,"Fiesta de la Transparencia",Chiapas
244,"Fiesta de la Transparencia",Chihuahua
245,"Fiesta de la Transparencia","Coahuila de Zaragoza"
246,"Fiesta de la Transparencia",Colima
247,"Fiesta de la Transparencia","Distrito Federal"
248,"Fiesta de la Transparencia",Durango
249,"Fiesta de la Transparencia",Guanajuato
250,"Fiesta de la Transparencia",Guerrero
251,"Fiesta de la Transparencia",Hidalgo
252,"Fiesta de la Transparencia",Jalisco
253,"Fiesta de la Transparencia",México
254,"Fiesta de la Transparencia","Michoacán de Ocampo"
255,"Fiesta de la Transparencia",Morelos
256,"Fiesta de la Transparencia",Nayarit
257,"Fiesta de la Transparencia","Nuevo León"
258,"Fiesta de la Transparencia",Oaxaca
259,"Fiesta de la Transparencia",Puebla
260,"Fiesta de la Transparencia",Querétaro
261,"Fiesta de la Transparencia","Quintana Roo"
262,"Fiesta de la Transparencia","San Luis Potosí"
263,"Fiesta de la Transparencia",Sinaloa
264,"Fiesta de la Transparencia",Sonora
265,"Fiesta de la Transparencia",Tabasco
266,"Fiesta de la Transparencia",Tamaulipas
267,"Fiesta de la Transparencia",Tlaxcala
268,"Fiesta de la Transparencia","Veracruz de Ignacio de la Llave"
269,"Fiesta de la Transparencia",Yucatán
270,"Fiesta de la Transparencia",Zacatecas
271,"Inauguración del Centro de Atención a la Sociedad y el Servicio TELINAI",Aguascalientes
272,"Inauguración del Centro de Atención a la Sociedad y el Servicio TELINAI","Baja California"
273,"Inauguración del Centro de Atención a la Sociedad y el Servicio TELINAI","Baja California Sur"
274,"Inauguración del Centro de Atención a la Sociedad y el Servicio TELINAI",Campeche
275,"Inauguración del Centro de Atención a la Sociedad y el Servicio TELINAI",Chiapas
276,"Inauguración del Centro de Atención a la Sociedad y el Servicio TELINAI",Chihuahua
277,"Inauguración del Centro de Atención a la Sociedad y el Servicio TELINAI","Coahuila de Zaragoza"
278,"Inauguración del Centro de Atención a la Sociedad y el Servicio TELINAI",Colima
279,"Inauguración del Centro de Atención a la Sociedad y el Servicio TELINAI","Distrito Federal"
280,"Inauguración del Centro de Atención a la Sociedad y el Servicio TELINAI",Durango
281,"Inauguración del Centro de Atención a la Sociedad y el Servicio TELINAI",Guanajuato
282,"Inauguración del Centro de Atención a la Sociedad y el Servicio TELINAI",Guerrero
283,"Inauguración del Centro de Atención a la Sociedad y el Servicio TELINAI",Hidalgo
284,"Inauguración del Centro de Atención a la Sociedad y el Servicio TELINAI",Jalisco
285,"Inauguración del Centro de Atención a la Sociedad y el Servicio TELINAI",México
286,"Inauguración del Centro de Atención a la Sociedad y el Servicio TELINAI","Michoacán de Ocampo"
287,"Inauguración del Centro de Atención a la Sociedad y el Servicio TELINAI",Morelos
288,"Inauguración del Centro de Atención a la Sociedad y el Servicio TELINAI",Nayarit
289,"Inauguración del Centro de Atención a la Sociedad y el Servicio TELINAI","Nuevo León"
290,"Inauguración del Centro de Atención a la Sociedad y el Servicio TELINAI",Oaxaca
291,"Inauguración del Centro de Atención a la Sociedad y el Servicio TELINAI",Puebla
292,"Inauguración del Centro de Atención a la Sociedad y el Servicio TELINAI",Querétaro
293,"Inauguración del Centro de Atención a la Sociedad y el Servicio TELINAI","Quintana Roo"
294,"Inauguración del Centro de Atención a la Sociedad y el Servicio TELINAI","San Luis Potosí"
295,"Inauguración del Centro de Atención a la Sociedad y el Servicio TELINAI",Sinaloa
296,"Inauguración del Centro de Atención a la Sociedad y el Servicio TELINAI",Sonora
297,"Inauguración del Centro de Atención a la Sociedad y el Servicio TELINAI",Tabasco
298,"Inauguración del Centro de Atención a la Sociedad y el Servicio TELINAI",Tamaulipas
299,"Inauguración del Centro de Atención a la Sociedad y el Servicio TELINAI",Tlaxcala
300,"Inauguración del Centro de Atención a la Sociedad y el Servicio TELINAI","Veracruz de Ignacio de la Llave"
301,"Inauguración del Centro de Atención a la Sociedad y el Servicio TELINAI",Yucatán
302,"Inauguración del Centro de Atención a la Sociedad y el Servicio TELINAI",Zacatecas
303,"Institucional 2015",Aguascalientes
304,"Institucional 2015","Baja California"
305,"Institucional 2015","Baja California Sur"
306,"Institucional 2015",Campeche
307,"Institucional 2015",Chiapas
308,"Institucional 2015",Chihuahua
309,"Institucional 2015","Coahuila de Zaragoza"
310,"Institucional 2015",Colima
311,"Institucional 2015","Distrito Federal"
312,"Institucional 2015",Durango
313,"Institucional 2015","Estado de México"
314,"Institucional 2015",Guanajuato
315,"Institucional 2015",Guerrero
316,"Institucional 2015",Hidalgo
317,"Institucional 2015",Jalisco
318,"Institucional 2015","Michoacán de Ocampo"
319,"Institucional 2015",Morelos
320,"Institucional 2015",Nayarit
321,"Institucional 2015","Nuevo León"
322,"Institucional 2015",Oaxaca
323,"Institucional 2015",Puebla
324,"Institucional 2015",Querétaro
325,"Institucional 2015","Quintana Roo"
326,"Institucional 2015","San Luis Potosí"
327,"Institucional 2015",Sinaloa
328,"Institucional 2015",Sonora
329,"Institucional 2015",Tabasco
330,"Institucional 2015",Tamaulipas
331,"Institucional 2015",Tlaxcala
332,"Institucional 2015","Veracruz de Ignacio de la Llave"
333,"Institucional 2015",Yucatán
334,"Institucional 2015",Zacatecas
335,"Semana Nacional de Transparencia 2015",Aguascalientes
336,"Semana Nacional de Transparencia 2015","Baja California"
337,"Semana Nacional de Transparencia 2015","Baja California Sur"
338,"Semana Nacional de Transparencia 2015",Campeche
339,"Semana Nacional de Transparencia 2015",Chiapas
340,"Semana Nacional de Transparencia 2015",Chihuahua
341,"Semana Nacional de Transparencia 2015","Coahuila de Zaragoza"
342,"Semana Nacional de Transparencia 2015",Colima
343,"Semana Nacional de Transparencia 2015","Distrito Federal"
344,"Semana Nacional de Transparencia 2015",Durango
345,"Semana Nacional de Transparencia 2015",Guanajuato
346,"Semana Nacional de Transparencia 2015",Guerrero
347,"Semana Nacional de Transparencia 2015",Hidalgo
348,"Semana Nacional de Transparencia 2015",Jalisco
349,"Semana Nacional de Transparencia 2015",México
350,"Semana Nacional de Transparencia 2015","Michoacán de Ocampo"
351,"Semana Nacional de Transparencia 2015",Morelos
352,"Semana Nacional de Transparencia 2015",Nayarit
353,"Semana Nacional de Transparencia 2015","Nuevo León"
354,"Semana Nacional de Transparencia 2015",Oaxaca
355,"Semana Nacional de Transparencia 2015",Puebla
356,"Semana Nacional de Transparencia 2015",Querétaro
357,"Semana Nacional de Transparencia 2015","Quintana Roo"
358,"Semana Nacional de Transparencia 2015","San Luis Potosí"
359,"Semana Nacional de Transparencia 2015",Sinaloa
360,"Semana Nacional de Transparencia 2015",Sonora
361,"Semana Nacional de Transparencia 2015",Tabasco
362,"Semana Nacional de Transparencia 2015",Tamaulipas
363,"Semana Nacional de Transparencia 2015",Tlaxcala
364,"Semana Nacional de Transparencia 2015","Veracruz de Ignacio de la Llave"
365,"Semana Nacional de Transparencia 2015",Yucatán
366,"Semana Nacional de Transparencia 2015",Zacatecas
367,"Semana Nacional de Transparencia 2015 y servicio telefónico TELINAI",Aguascalientes
368,"Semana Nacional de Transparencia 2015 y servicio telefónico TELINAI","Baja California"
369,"Semana Nacional de Transparencia 2015 y servicio telefónico TELINAI","Baja California Sur"
370,"Semana Nacional de Transparencia 2015 y servicio telefónico TELINAI",Campeche
371,"Semana Nacional de Transparencia 2015 y servicio telefónico TELINAI",Chiapas
372,"Semana Nacional de Transparencia 2015 y servicio telefónico TELINAI",Chihuahua
373,"Semana Nacional de Transparencia 2015 y servicio telefónico TELINAI","Coahuila de Zaragoza"
374,"Semana Nacional de Transparencia 2015 y servicio telefónico TELINAI",Colima
375,"Semana Nacional de Transparencia 2015 y servicio telefónico TELINAI","Distrito Federal"
376,"Semana Nacional de Transparencia 2015 y servicio telefónico TELINAI",Durango
377,"Semana Nacional de Transparencia 2015 y servicio telefónico TELINAI",Guanajuato
378,"Semana Nacional de Transparencia 2015 y servicio telefónico TELINAI",Guerrero
379,"Semana Nacional de Transparencia 2015 y servicio telefónico TELINAI",Hidalgo
380,"Semana Nacional de Transparencia 2015 y servicio telefónico TELINAI",Jalisco
381,"Semana Nacional de Transparencia 2015 y servicio telefónico TELINAI",México
382,"Semana Nacional de Transparencia 2015 y servicio telefónico TELINAI","Michoacán de Ocampo"
383,"Semana Nacional de Transparencia 2015 y servicio telefónico TELINAI",Morelos
384,"Semana Nacional de Transparencia 2015 y servicio telefónico TELINAI",Nayarit
385,"Semana Nacional de Transparencia 2015 y servicio telefónico TELINAI","Nuevo León"
386,"Semana Nacional de Transparencia 2015 y servicio telefónico TELINAI",Oaxaca
387,"Semana Nacional de Transparencia 2015 y servicio telefónico TELINAI",Puebla
388,"Semana Nacional de Transparencia 2015 y servicio telefónico TELINAI",Querétaro
389,"Semana Nacional de Transparencia 2015 y servicio telefónico TELINAI","Quintana Roo"
390,"Semana Nacional de Transparencia 2015 y servicio telefónico TELINAI","San Luis Potosí"
391,"Semana Nacional de Transparencia 2015 y servicio telefónico TELINAI",Sinaloa
392,"Semana Nacional de Transparencia 2015 y servicio telefónico TELINAI",Sonora
393,"Semana Nacional de Transparencia 2015 y servicio telefónico TELINAI",Tabasco
394,"Semana Nacional de Transparencia 2015 y servicio telefónico TELINAI",Tamaulipas
395,"Semana Nacional de Transparencia 2015 y servicio telefónico TELINAI",Tlaxcala
396,"Semana Nacional de Transparencia 2015 y servicio telefónico TELINAI","Veracruz de Ignacio de la Llave"
397,"Semana Nacional de Transparencia 2015 y servicio telefónico TELINAI",Yucatán
398,"Semana Nacional de Transparencia 2015 y servicio telefónico TELINAI",Zacatecas
399,"Sistema Nacional de Transparencia, Acceso a la Información Publica y Protección de Datos Personales",Aguascalientes
400,"Sistema Nacional de Transparencia, Acceso a la Información Publica y Protección de Datos Personales","Baja California"
401,"Sistema Nacional de Transparencia, Acceso a la Información Publica y Protección de Datos Personales","Baja California Sur"
402,"Sistema Nacional de Transparencia, Acceso a la Información Publica y Protección de Datos Personales",Campeche
403,"Sistema Nacional de Transparencia, Acceso a la Información Publica y Protección de Datos Personales",Chiapas
404,"Sistema Nacional de Transparencia, Acceso a la Información Publica y Protección de Datos Personales",Chihuahua
405,"Sistema Nacional de Transparencia, Acceso a la Información Publica y Protección de Datos Personales","Coahuila de Zaragoza"
406,"Sistema Nacional de Transparencia, Acceso a la Información Publica y Protección de Datos Personales",Colima
407,"Sistema Nacional de Transparencia, Acceso a la Información Publica y Protección de Datos Personales","Distrito Federal"
408,"Sistema Nacional de Transparencia, Acceso a la Información Publica y Protección de Datos Personales",Durango
409,"Sistema Nacional de Transparencia, Acceso a la Información Publica y Protección de Datos Personales",Guanajuato
410,"Sistema Nacional de Transparencia, Acceso a la Información Publica y Protección de Datos Personales",Guerrero
411,"Sistema Nacional de Transparencia, Acceso a la Información Publica y Protección de Datos Personales",Hidalgo
412,"Sistema Nacional de Transparencia, Acceso a la Información Publica y Protección de Datos Personales",Jalisco
413,"Sistema Nacional de Transparencia, Acceso a la Información Publica y Protección de Datos Personales",México
414,"Sistema Nacional de Transparencia, Acceso a la Información Publica y Protección de Datos Personales","Michoacán de Ocampo"
415,"Sistema Nacional de Transparencia, Acceso a la Información Publica y Protección de Datos Personales",Morelos
416,"Sistema Nacional de Transparencia, Acceso a la Información Publica y Protección de Datos Personales",Nayarit
417,"Sistema Nacional de Transparencia, Acceso a la Información Publica y Protección de Datos Personales","Nuevo León"
418,"Sistema Nacional de Transparencia, Acceso a la Información Publica y Protección de Datos Personales",Oaxaca
419,"Sistema Nacional de Transparencia, Acceso a la Información Publica y Protección de Datos Personales",Puebla
420,"Sistema Nacional de Transparencia, Acceso a la Información Publica y Protección de Datos Personales",Querétaro
421,"Sistema Nacional de Transparencia, Acceso a la Información Publica y Protección de Datos Personales","Quintana Roo"
422,"Sistema Nacional de Transparencia, Acceso a la Información Publica y Protección de Datos Personales","San Luis Potosí"
423,"Sistema Nacional de Transparencia, Acceso a la Información Publica y Protección de Datos Personales",Sinaloa
424,"Sistema Nacional de Transparencia, Acceso a la Información Publica y Protección de Datos Personales",Sonora
425,"Sistema Nacional de Transparencia, Acceso a la Información Publica y Protección de Datos Personales",Tabasco
426,"Sistema Nacional de Transparencia, Acceso a la Información Publica y Protección de Datos Personales",Tamaulipas
427,"Sistema Nacional de Transparencia, Acceso a la Información Publica y Protección de Datos Personales",Tlaxcala
428,"Sistema Nacional de Transparencia, Acceso a la Información Publica y Protección de Datos Personales","Veracruz de Ignacio de la Llave"
429,"Sistema Nacional de Transparencia, Acceso a la Información Publica y Protección de Datos Personales",Yucatán
430,"Sistema Nacional de Transparencia, Acceso a la Información Publica y Protección de Datos Personales",Zacatecas
431,"Institucional 2017",Nacional
432,"Semana Nacional de Transparencia 2017",Nacional
433,"Ante la Opinión Pública",Nacional
434,"Día Internacional de Protección de Datos Personales 2017",Internacional
435,"Premio de Innovación y Buenas Prácticas en la Protección de Datos Personales 2017",Nacional
436,"Quehacer institucional 2018",Nacional
437,"Día Internacional de Proteccion de Datos Personales 2018",Nacional
438,"Foro de la Ley General de Archivos.2018",Nacional
439,"I Cumbre Nacional de Gobierno Abierto",Nacional
